side,entry_timestamp,exit_timestamp,entry,exit,quantity,gross_pnl,fees,tp1_hit,tp2_hit,slippage,net_pnl,reason,cost_ratio
LONG,1658223060000,1658224140000,44.595,44.177205624840724,59.83804829940397,-25.0,2.119782211129536,False,False,0.5286955527823841,-27.64847776391192,STOP,0.10673911055647681
LONG,1658314800000,1658316600000,45.165,44.777684251822905,64.36835817528114,-24.93087880559022,2.310798990305904,False,False,0.5764532036361965,-27.81813099953232,STOP,0.11661028556822056
LONG,1658320560000,1658320680000,45.510000000000005,45.061093812708236,55.3820245340763,-24.86133347809139,2.0014319491497954,False,False,0.4991149206135443,-27.36188034785473,STOP,0.1013797565913712
LONG,1659102780000,1659108840000,42.239999999999995,42.239999999999995,28.00549992369343,14.87575726633305,0.6654284488482805,True,False,0.09463618534214485,14.115692632142625,STOP,0.047713294681975445
LONG,1659188040000,1659191700000,43.97,44.35547648261374,64.4091640570478,27.931745259902364,1.3098286761831688,True,True,0.0857069748479158,26.536209608871278,STOP,0.11406662139765189
LONG,1659734760000,1659737160000,40.584999999999994,40.209754470176804,66.34205221459737,-24.894558532824284,2.1390570161838527,False,False,0.533519526119322,-27.567135075127457,STOP,0.1081558520340618
LONG,1660198140000,1660203480000,44.555,44.555,50.9963883846446,14.89538441708188,1.2753797641910065,True,False,0.18177152675822722,13.438233126132646,STOP,0.09152408642259009
LONG,1662999540000,1663004520000,37.09,37.09,77.16089589437412,14.91554176677108,1.6056457804378628,True,False,0.2289518102977869,13.08094417603543,STOP,0.1151241171178141
LONG,1663050060000,1663058340000,38.59,38.17177924714085,59.518659627048024,-24.89193863839189,1.8225248968231913,False,False,0.4543866272738783,-27.16885016248896,STOP,0.09227184384366484
LONG,1664238120000,1664255880000,34.1,34.509165961496414,60.66979868559593,27.92701857710888,0.9587413068884587,True,True,0.06280992455075421,26.905467345669663,STOP,0.0833402658307366
LONG,1664285940000,1664287200000,35.165000000000006,34.832028210209586,74.75492202212372,-24.891280181349842,2.0880706982175754,False,False,0.5207731105453263,-27.500123990112744,STOP,0.10560954734974283
LONG,1666619100000,1666620360000,28.865000000000002,28.593586770816675,91.45659534011907,-24.822529871374563,2.0970221816712047,False,False,0.5230144189242325,-27.44256647197,STOP,0.10635074821833021
LONG,1666720980000,1666721580000,31.985,31.577203611503492,60.70167405468982,-24.75392345519464,1.5383820816382863,False,False,0.38335782423681186,-26.675663361069738,STOP,0.07843375003374742
LONG,1667119560000,1667123160000,32.864999999999995,32.5118197193584,69.8998093889743,-24.687234296791967,1.822993447876837,False,False,0.4545140002543696,-26.964741744923174,STOP,0.09305445915694015
LONG,1667412600000,1667417400000,32.2,30.993344584274556,20.403358010561874,-24.61982244242966,0.510818608886616,False,False,0.12647366109953256,-25.257114712415806,STOP,0.02668533168654551
LONG,1667565780000,1667569440000,32.515,33.075344837471405,43.82422753542684,27.626264612604693,0.6624732425264857,True,True,0.04348504313910158,26.92030632693911,STOP,0.05802676820710297
LONG,1668117660000,1668118440000,17.989,17.787677625371,122.31119599519579,-24.623980421465966,1.745430495553182,False,False,0.4351264248672223,-26.80453734188637,STOP,0.08935420135566316
LONG,1668472260000,1668473580000,14.218499999999999,13.975943629045934,101.2423173282135,-24.55696907811125,1.1368769296980963,False,False,0.2829913839706185,-25.976837391779966,STOP,0.0586193631776125
LONG,1668517380000,1668519300000,14.843,14.843,110.94217762384991,14.695216190779083,0.9250992990218062,True,False,0.13173717939766433,13.638379712359614,STOP,0.06723472677472066
LONG,1668532620000,1668535800000,14.496500000000001,14.372313812205126,197.49477272322653,-24.526122933912703,2.275670704465455,False,False,0.5676913699696682,-27.369485008347826,STOP,0.11673198330191668
LONG,1673239500000,1673243160000,16.3005,16.3005,148.26809890374233,14.6746195328351,1.35636764576762,True,False,0.1933475316944361,13.124904355373046,STOP,0.0988173141023244
LONG,1673547480000,1673548080000,16.560000000000002,16.406220543802448,159.25736823271276,-24.49051148228026,2.0951473074576112,False,False,0.5225623012902887,-27.108221091028163,STOP,0.10768668591678471
LONG,1673694360000,1673695080000,22.285,22.285,72.73326921040605,14.653644557731617,0.9106128353497296,True,False,0.1296688723483119,13.613362850033576,STOP,0.06636687131183458
LONG,1673852760000,1673855040000,24.755,24.19964550206695,44.03813136960706,-24.45677433667778,0.8574570890416915,False,False,0.21314143354358897,-25.52737285926306,STOP,0.04457513190607912
LONG,1673929680000,1673932500000,23.3795,23.63104332500616,96.97317908925714,27.442075392595818,1.0498568350707431,True,True,0.06874732189265452,26.32347123563242,STOP,0.09294422739870921
LONG,1673966940000,1673971920000,23.395,23.098756369856908,82.56300589756003,-24.458764582618695,1.5305739596291623,False,False,0.3814205516781597,-26.37075909392602,STOP,0.07897216216497117
LONG,1674352920000,1674355440000,25.168,24.854516576885022,77.81220915128654,-24.39283768488388,1.5520664413247334,False,False,0.38679696844693917,-26.331701094655553,STOP,0.0802849469675755
LONG,1674375960000,1674381300000,25.0415,25.0415,99.98985880377339,14.596205059288346,1.4051010285832848,True,False,0.2003116839387753,12.990792346766286,STOP,0.10292659108572862
LONG,1674753180000,1674760080000,24.444,24.444,93.30404038826543,14.615691247808494,1.2801285576699875,True,False,0.18245791706006084,13.153104773078445,STOP,0.09362775627568362
LONG,1675290600000,1675299540000,25.0255,25.77615241008066,97.48467272219595,34.75912464929931,0.9827928958135859,True,True,0.0,33.77633175348572,TP3,0.10001499894196436
LONG,1675350480000,1675361700000,24.861,25.702248462432916,87.28744276171247,34.879452831171065,0.8749971363658077,True,True,0.0,34.00445569480526,TP3,0.08865751716716815
LONG,1675434780000,1675440540000,24.383,24.803188914807063,58.45423160400493,27.632047661513532,0.6626333021731247,True,True,0.04349554048032059,26.925918818860087,STOP,0.05802866077796423
LONG,1675867800000,1675869060000,23.777,23.494655964398426,87.2309375621793,-24.629134940614733,1.644494520968381,False,False,0.4098921734950645,-26.683521635078176,STOP,0.08421286445573263
LONG,1676252220000,1676253180000,21.1,20.887015664228738,115.32503574772775,-24.56242613652704,1.9319491477397281,False,False,0.4817591656281057,-26.976134449894875,STOP,0.09906831844507342
LONG,1676390160000,1676415000000,21.845,21.59209838552017,96.85579054441362,-24.4949858004023,1.6779548040739307,False,False,0.4182639517284626,-26.591204556204694,STOP,0.08637746360350883
LONG,1676560560000,1676563440000,23.427,24.103527318168496,108.32603709992812,34.8106235993418,1.0220637531758747,True,True,0.0,33.788559846165924,TP3,0.10388494021241548
LONG,1676579820000,1676581680000,23.3175,23.093830692054848,109.59473793623191,-24.512979188627206,2.029672453949294,False,False,0.506192464527892,-27.048844107104394,STOP,0.10424988664836383
LONG,1676827020000,1676837820000,24.384500000000003,24.384500000000003,61.68209290283986,14.667214247015664,0.8452221597074105,True,False,0.12032695955114392,13.701665127757108,STOP,0.06152853441935649
LONG,1676864880000,1676870100000,26.104,26.536096514153325,56.65310975522579,27.539562646326168,0.6872581666469264,True,True,0.04510057164874779,26.80720390803049,STOP,0.06041242904064997
LONG,1678489020000,1678501920000,18.116999999999997,18.423574291491043,80.06747444987849,27.614957907317528,0.6742637092564068,True,True,0.04425387191578194,26.89644032614534,STOP,0.0590949747021731
LONG,1678633860000,1678641960000,17.8795,18.370238755777034,150.47030662653137,35.074765251264026,1.0831484919818797,True,True,0.0,33.991616759282145,TP3,0.10930153644594254
LONG,1678726020000,1678727160000,20.6645,20.35467840795493,79.71958710375925,-24.69884939366248,1.303073016528309,False,False,0.32453331166239413,-26.326455721853183,STOP,0.06669806279025829
LONG,1678805880000,1678806660000,21.871,21.871,119.48427076510715,14.779819952614709,1.4663706360965716,True,False,0.20905923887229264,13.104390077645844,STOP,0.10608683303106198
LONG,1678823580000,1678824480000,20.7275,20.92482049219405,125.00371327522703,27.74901850824596,1.1988964061350658,True,True,0.07847040783425463,26.471651694276638,STOP,0.10504484237559993
LONG,1679096700000,1679098020000,21.545,21.545,89.31937382826015,14.839184015272593,1.0806239459157791,True,False,0.1539508727303892,13.604609196626425,STOP,0.07780963860880519
LONG,1679155800000,1679156760000,21.926000000000002,21.72601798611174,123.84106150474518,-24.76598488177922,2.1574117007133666,False,False,0.5381146259342527,-27.461511208426842,STOP,0.10963985997386144
LONG,1679214600000,1679223780000,21.599,21.374767112001507,110.14143074286284,-24.697331103758156,1.8883374114298208,False,False,0.47084948630226725,-27.056518001490243,STOP,0.09632396118514579
LONG,1679244120000,1679245260000,22.311,22.065272101006627,100.23155656988992,-24.629689808754428,1.7742351930193982,False,False,0.44232731376441187,-26.846252315538237,STOP,0.09079555106032847
LONG,1679277060000,1679278860000,22.279,22.522637601950617,100.81602339422213,27.63289595021128,1.0401972188326627,True,True,0.06811928278133524,26.524579448597283,STOP,0.09144319194422106
LONG,1679305620000,1679307120000,23.414,23.14536023348128,91.67996959553179,-24.62888562658708,1.702498515111873,False,False,0.4243931844966389,-26.755777326195595,STOP,0.08715760999728363
LONG,1679405820000,1679406240000,22.996499999999997,22.766987927857983,107.01831914128425,-24.56199618327159,1.9541002231960714,False,False,0.4872969559898543,-27.003393362457516,STOP,0.10019734380582165
LONG,1679585700000,1679588700000,22.4165,22.20741523780368,117.15099389627663,-24.494487699865445,2.086195511120789,False,False,0.520324153395204,-27.101007364381438,STOP,0.10721249967968552
LONG,1680554880000,1680555600000,20.5235,20.29503734938507,106.91784900379804,-24.426735181454493,1.7408067381146861,False,False,0.4339803477695988,-26.601522267338776,STOP,0.08983306437511342
LONG,1681305120000,1681305420000,24.116500000000002,24.330282951415498,113.94842860243351,27.40526029775941,1.2710398140017694,True,True,0.08317192529299122,26.051048558464647,STOP,0.11280834061051294
LONG,1681504680000,1681515180000,24.6465,24.86823861112144,110.15383777165016,27.47852887183005,1.255818246128126,True,True,0.08217995764908474,26.14053066805284,STOP,0.11115114266906641
LONG,1682811060000,1682839260000,23.134999999999998,23.33137429841948,124.71443829954278,27.55204911433394,1.334203376269862,True,True,0.08729277721151325,26.130552960852565,STOP,0.11781073280058554
LONG,1687136880000,1687187280000,15.474,15.474,160.9615229544774,14.733622023752744,1.3977491438753973,True,False,0.19925748849580668,13.13661539138154,STOP,0.10142999198087947
LONG,1687542660000,1687545300000,17.055500000000002,16.910280296475644,169.3219146436882,-24.588878244733028,2.2955426052175,False,False,0.5726562073921383,-27.457077057342666,STOP,0.1174461838585097
LONG,1688083800000,1688084340000,18.058,17.904257256027826,159.48873370263001,-24.52023555208967,2.289325901230421,False,False,0.5711054635300007,-27.38066691685009,STOP,0.11745594968220642
LONG,1688086740000,1688087520000,18.121499999999997,18.308085045738174,131.04900121046794,27.508256870397236,1.0993788171074947,True,True,0.07197768777960874,26.336900365510132,STOP,0.09712193133327937
LONG,1688146080000,1688168400000,19.6705,18.836958085432915,29.41378916553342,-24.51762613571132,0.44815657614307336,False,False,0.11081326272898277,-25.076595974583377,STOP,0.023598693306522228
LONG,1688273880000,1688276220000,19.3335,18.930555576662016,60.69058964308425,-24.45493464577486,0.9240162511041905,False,False,0.2297813160437589,-25.60873221292281,STOP,0.047980562281620905
LONG,1688648280000,1688650920000,19.6585,19.6585,147.30904187897661,14.634547689145531,1.6246167974134318,True,False,0.23166998398222893,12.778260907749871,STOP,0.11872761063571799
LONG,1688778960000,1688788500000,21.683500000000002,21.683500000000002,120.42491437253194,14.653715080507158,1.4652215762623078,True,False,0.20889869046374376,12.979594813781105,STOP,0.10691760893878755
LONG,1689283080000,1689288000000,25.615000000000002,25.615000000000002,100.70728978486234,14.67318447272783,1.447520284484525,True,False,0.20636937822713988,13.019294810016163,STOP,0.10548291951077818
LONG,1689354720000,1689354840000,27.4525,27.18124371649631,90.27571776503522,-24.487855691571422,1.967942600140761,False,False,0.4907612572506117,-26.946559548962796,STOP,0.10120502885835138
LONG,1689396780000,1689398820000,27.6835,27.6835,66.31848610388404,14.652293575619408,1.0310500323469731,True,False,0.14687422480454992,13.474369318467884,STOP,0.07517981265861699
LONG,1689498540000,1689504060000,28.0775,27.729881308225707,70.34769934602109,-24.454175215995182,1.5654775175807285,False,False,0.3901466706343824,-26.409799404210293,STOP,0.0807709730932148
LONG,1689556680000,1689560100000,27.9655,27.9655,75.70293253072892,14.632890430490797,1.1884859795114338,True,False,0.16936562877504793,13.275038822204316,STOP,0.08680733460328759
LONG,1694622300000,1694625960000,18.4465,18.29044359123395,156.49045436609308,-24.421338314540172,2.2947081301825847,False,False,0.5724559656299192,-27.288502410352677,STOP,0.1182040529181576
LONG,1696163760000,1696167300000,23.0855,23.0855,87.23689052756129,14.611870235108576,1.1307104263604708,True,False,0.16111257890192124,13.320047229846184,STOP,0.08269607670488807
LONG,1696273740000,1696278120000,23.344,23.546064316741433,120.68641098959908,27.434719323662577,1.3029097748402805,True,True,0.08525069985953371,26.046558848962764,STOP,0.11552757249005927
LONG,1697775900000,1697779680000,25.8685,26.190969563698882,75.82586490718828,27.507975270425227,0.9092593247902437,True,True,0.05957858759775935,26.539137358037223,STOP,0.08021997395126486
LONG,1697800440000,1697804640000,26.936999999999998,26.697642428511994,102.43202780128148,-24.517881417106405,2.1926584974562315,False,False,0.5469387302932025,-27.25747864485584,STOP,0.11253874206920608
LONG,1697912880000,1697913180000,29.478,29.162491042049034,77.49300647208221,-24.449737720494262,1.8128012331949352,False,False,0.45197782141270915,-26.714516775101906,STOP,0.09342999384689762
LONG,1698103260000,1698126540000,31.964,31.199494275650416,31.893746053112615,-24.382951428556506,0.8009315882162193,False,False,0.19901374948262704,-25.382896766255353,STOP,0.04181002049028994
LONG,1698164400000,1698171600000,30.911,30.273304069994754,38.13650525641706,-24.319494186640863,0.9284783146729018,False,False,0.23090360395889337,-25.478876105272658,STOP,0.04847294540478825
LONG,1698239400000,1698240300000,33.545500000000004,33.23244420741645,77.48074806794642,-24.255796996377686,2.064750869252811,False,False,0.5149749274633839,-26.835522793093883,STOP,0.10715502090908191
LONG,1698423300000,1698424740000,32.409499999999994,32.04184597627598,65.79203987592582,-24.18870818939495,1.6913164681734172,False,False,0.4216196816338846,-26.301644339202255,STOP,0.08815216999863083
LONG,1698662400000,1698669000000,34.687,35.05092688052564,66.2851670745092,27.138323338365318,1.0645224934565962,True,True,0.06970069633176142,26.00410014857696,STOP,0.09531310231851983
LONG,1698802800000,1698806580000,38.3875,38.009514120427426,63.99171407214974,-24.187964328918387,1.9506727605583674,False,False,0.48645879192314595,-26.625095881399897,STOP,0.10155802656810411
LONG,1698871380000,1698876000000,41.992000000000004,43.594360981133924,45.16098782961859,34.37299726463125,0.765434679829464,True,True,0.0,33.60756258480179,TP3,0.0786189887816991
LONG,1699204680000,1699207260000,41.3745,40.95691453389791,57.965189070443536,-24.205420495676893,1.9041013198586465,False,False,0.4748150589398778,-26.58433687447542,STOP,0.0990803161475092
LONG,1699312800000,1699316880000,41.6015,42.0329814594655,55.94437286689645,27.15632961017704,1.0774697242994535,True,True,0.07054526362427053,26.008314622253312,STOP,0.09641549848175147
LONG,1699552380000,1699553160000,45.406,44.995978443700324,59.03099500055606,-24.20398044004634,2.1297666989321713,False,False,0.5312314757110405,-26.864978614689555,STOP,0.11074051913215463
LONG,1699616520000,1699617120000,49.3375,50.849758331610495,47.88233099262513,34.3949656407512,0.951836795267607,True,True,0.0,33.44312884548359,TP3,0.09787514269626964
LONG,1699663260000,1699664220000,56.7725,56.7725,43.01007508850847,14.532255489373995,1.3703085643567894,True,False,0.19534315903698782,12.966603765980217,STOP,0.10081529972058859
LONG,1699680660000,1699688340000,54.751999999999995,55.390154291840005,38.004668518500914,27.284447615668057,0.9640946009961182,True,True,0.06315253359149998,26.25720048108044,STOP,0.08579743284673659
LONG,1699750560000,1699755660000,55.509,55.509,24.847198978406855,14.591091195744585,0.7752943923708852,True,False,0.11033945344739092,13.70545734992631,STOP,0.05671583363804764
LONG,1699764480000,1699768860000,57.4655,58.42860041088923,25.285784009925663,27.396842590817794,0.6753482351266368,True,True,0.044322389099759996,26.677171966591395,STOP,0.05966719497808331
LONG,1699777740000,1699781520000,60.022999999999996,59.24191424189029,31.263458136312035,-24.419441899532277,1.4865695730329662,False,False,0.37042142116326504,-26.276432893728508,STOP,0.07684559522024947
LONG,1699839180000,1699843260000,58.623999999999995,58.623999999999995,33.00197545457537,14.612250490378774,1.0863588231655306,True,False,0.15477662472392212,13.37111504248932,STOP,0.07944188242555411
LONG,1699878840000,1699885380000,57.287,58.360985220457465,22.70718268778076,27.43557593051722,0.6053304782344501,True,True,0.03975640659719401,26.790489045685575,STOP,0.05334058505534972
LONG,1699998060000,1700005020000,56.266999999999996,57.065223072359395,30.635740401785768,27.510924180958163,0.7999087885119915,True,True,0.052447060800443944,26.65856833164573,STOP,0.07049032024805452
LONG,1700059260000,1700063460000,62.043,62.5972948589365,44.23782911390228,27.585901404390945,1.269526338944145,True,True,0.08307505298886562,26.233300012457935,STOP,0.11193140076932866
LONG,1700138460000,1700140320000,64.3035,63.38846508537276,26.86934029003081,-24.586384498378653,1.3674822679729697,False,False,0.3406412477683235,-26.29450801411995,STOP,0.0702743676466109
LONG,1700394180000,1700396760000,60.1755,59.484800652046765,35.501189194699485,-24.520648228343354,1.694329059371505,False,False,0.4223562324314591,-26.637333520146317,STOP,0.08712256668305747
LONG,1701828180000,1701830040000,63.914,62.871125255581596,23.44869796245821,-24.45405489454299,1.1842876323213174,False,False,0.2948492053356022,-25.93319173219991,STOP,0.061286362856206485
LONG,1701897180000,1701898560000,64.25450000000001,63.67258536741261,41.91202721053664,-24.389221915212488,2.1397955487704143,False,False,0.5337294260968428,-27.062746890079747,STOP,0.11041911717239646
LONG,1701989700000,1701990780000,68.257,67.58108605312945,35.98322709657783,-24.32156504798729,1.950292766516098,False,False,0.4863571133766251,-26.75821492788001,STOP,0.10098474860006454
LONG,1702041600000,1702042200000,73.468,73.468,38.103727156638726,14.552801706400553,1.570577151317883,True,False,0.2239523701395147,12.758272184943156,STOP,0.11541714165648441
LONG,1702498560000,1702506420000,71.045,72.00606698506989,25.270418782894478,27.322385840021187,0.8327766461976117,True,True,0.054588704028656024,26.43502048979492,STOP,0.07392304709627856
LONG,1702532580000,1702554420000,71.04599999999999,73.22599657987801,33.51287745192294,34.70253015785512,0.9593228626112978,True,True,0.0,33.74320729524383,TP3,0.09776987815821515
LONG,1702562460000,1702570380000,71.9745,73.19247112962965,20.0637027973095,27.491637105666644,0.671239037479847,True,True,0.04405535963236633,26.77634270855443,STOP,0.05909376523718227
LONG,1703066760000,1703072100000,78.03800000000001,76.73567899535857,18.815600401154867,-24.503951617363924,1.1599630883138405,False,False,0.288765574497592,-25.952680280175358,STOP,0.05992224629862713
LONG,1703100120000,1703100900000,82.86500000000001,82.16229928086997,34.77877459257446,-24.439069916663485,2.290891083340948,False,False,0.5715008173394039,-27.30146181734384,STOP,0.1179236021027406
LONG,1703212680000,1703215380000,99.1705,97.52200439962449,14.783670794492073,-24.370816262120126,1.1582607298628687,False,False,0.2883466416526112,-25.817423633635606,STOP,0.06015818299873528
LONG,1703430540000,1703432040000,114.089,112.60101262121606,16.33499924098842,-24.306272703036033,1.4763312191022806,False,False,0.3678674911404184,-26.150471413278733,STOP,0.07667336539725175
LONG,1703520720000,1703522400000,123.789,122.25448063978438,15.797061381549845,-24.240896524502837,1.5498574071738374,False,False,0.3862523069672342,-26.17700623864391,STOP,0.0806695589572787
LONG,1704210420000,1704216720000,110.025,108.47634657767624,15.610628989300112,-24.175454008906225,1.359542291232852,False,False,0.33867680010776774,-25.873673100246844,STOP,0.07104559252186109
LONG,1704750180000,1704751320000,97.9675,96.53465236365285,16.827169347623567,-24.11076982615561,1.3043461085549561,False,False,0.3248809886474312,-25.739996923358,STOP,0.06837258722759591
LONG,1704808740000,1704810660000,100.8,100.8,25.091147513486412,14.42785190030833,1.4192306652213427,True,False,0.20233501354875444,12.806286221538233,STOP,0.10517938582272447
LONG,1704922200000,1704923460000,97.2375,100.78224651247098,20.37813039495714,34.311770657896545,0.7994697358434373,True,True,0.0,33.51230092205311,TP3,0.08229431892342914
LONG,1704976200000,1704977400000,105.0575,106.26449776527018,20.018443278805687,27.182493339419505,0.9743065298370255,True,True,0.06381749463194508,26.144369314950534,STOP,0.08704034342307503
LONG,1705014180000,1705019040000,100.2265,99.12066094042609,21.90877326609234,-24.22757722499357,1.7421351846682072,False,False,0.43432241730580207,-26.404034826967578,STOP,0.09063389390370984
LONG,1705246680000,1705249320000,99.4345,102.46947988375607,23.883091219725646,34.43023317154472,0.956807340189433,True,True,0.0,33.473425831355286,TP3,0.09828846036067367
LONG,1705263300000,1705267140000,96.7815,95.24164710780772,15.74517333794583,-24.245250702504535,1.2045260443036208,False,False,0.29991924854077995,-25.749695995348933,STOP,0.06285113369642294
LONG,1705491120000,1705491720000,102.189,101.29016314728916,26.902408807102564,-24.180876462516164,2.184795676993693,False,False,0.5449898754252974,-26.910662014935156,STOP,0.1136902650261892
LONG,1707489540000,1707491040000,105.3215,104.36140365338878,25.115812483393672,-24.11359980747882,2.1017198756913102,False,False,0.5242242889324537,-26.739543972102584,STOP,0.10969888633754836
LONG,1707750960000,1707753720000,107.13550000000001,108.13178373420767,24.136448405104908,27.052594815992098,1.1963537393484052,True,True,0.07829751657157996,25.77794356007211,STOP,0.10753512912182976
LONG,1707759420000,1707774780000,110.1765,110.1765,15.396952885879815,14.466717483869248,0.9528674760902108,True,False,0.13571059037049102,13.378139417408546,STOP,0.07035662574551467
LONG,1707921120000,1707923340000,118.3615,117.328592181255,23.37540748246862,-24.144641154992268,2.1989118494959725,False,False,0.5485207303162435,-26.892073734804484,STOP,0.11459057415579535
LONG,1709145420000,1709150760000,111.0955,111.0955,8.191522340654519,14.446446582393152,0.5125124006263417,True,False,0.07280330161569472,13.861130880151116,STOP,0.037796475348006155
LONG,1709233200000,1709237820000,127.73849999999999,131.18172625466977,21.008259708598274,34.35969091194421,1.080297371297101,True,True,0.0,33.27939354064711,TP3,0.11129547455101867
LONG,1709257680000,1709280480000,135.819,131.5532550179023,5.671989859508479,-24.195262281707254,0.6017740352138412,False,False,0.14923374568937495,-24.94627006261047,STOP,0.031839456078598206
LONG,1709573040000,1709573880000,129.40550000000002,129.40550000000002,19.002406738793663,14.479737963930438,1.3799448769254858,True,False,0.1967212756189571,12.903071811385995,STOP,0.10189476983751211
LONG,1709707440000,1709714820000,132.46800000000002,132.46800000000002,11.38401139860304,14.499092571647518,0.8473894628064123,True,False,0.12064137775601182,13.531061731085094,STOP,0.062404617992398666
LONG,1709774220000,1709778660000,134.474,136.47353711283412,12.102291968018237,27.22385468295781,0.7555207705023669,True,True,0.04954927776143077,26.41878463469401,STOP,0.06725256517464548
LONG,1709916540000,1709925780000,147.233,147.233,7.750118623492577,14.559017341196185,0.6419128040321416,True,False,0.0912858572234146,13.825818679940628,STOP,0.04702542164287019
LONG,1710033720000,1710041160000,146.86950000000002,146.86950000000002,18.06276421686149,14.5797560692161,1.4885226747369127,True,False,0.21222953193186708,12.87900386254732,STOP,0.10917339645001238
LONG,1710458340000,1710460980000,174.24099999999999,179.11041969406847,14.990569197386373,34.67280211564855,1.0517232674318493,True,True,0.0,33.621078848216705,TP3,0.10734810980387194
LONG,1710495480000,1710497400000,170.951,170.951,8.687835608891834,14.649506193282239,0.8346386449370304,True,False,0.11881553481405346,13.696052013531155,STOP,0.06082911596802054
LONG,1710502920000,1710509700000,169.2585,178.60858406562096,7.8448761360565715,34.8413693943435,0.5380930608687611,True,True,0.0,34.30327633347474,TP3,0.05430705183357914
LONG,1710542820000,1710543660000,181.38400000000001,183.2802495584974,12.939141826764939,27.602822223380112,1.086591233471985,True,True,0.07114467429246808,26.445086315615658,STOP,0.09565407632512903
LONG,1710544500000,1710546660000,183.611,183.611,14.205022639792375,14.761172815276174,1.4635433452354092,True,False,0.20865587295319343,13.088973597087572,STOP,0.1060159017669269
LONG,1710564300000,1710566160000,189.07999999999998,187.12074906809724,12.57351813644181,-24.634677126119673,1.887139841115062,False,False,0.47055322642245956,-26.992370193657194,STOP,0.09650627028992823
LONG,1710573300000,1710583380000,191.4455,193.54959741969378,11.675883431391219,27.638095725714933,1.0352375079908085,True,True,0.06779587612995129,26.535062341594173,STOP,0.09098699433216488
LONG,1710664440000,1710678540000,185.164,190.4586334659394,4.65254753043019,27.71272558855069,0.4033033401744043,True,True,0.02658353534343194,27.282838713032856,STOP,0.03497201481295483
LONG,1710774120000,1710774900000,202.277,199.95081317675138,10.618984127326115,-24.701740953272097,1.7035599572865525,False,False,0.4246549022739745,-26.829955812832626,STOP,0.08695647227401657
LONG,1710969540000,1710970380000,187.188,187.188,15.52013171886882,14.78079963824401,1.629858312994954,True,False,0.23241459329532926,12.918526731953728,STOP,0.11793065952973401
LONG,1710976860000,1710982380000,191.4625,193.735448318015,10.852407943050864,27.750332678141138,0.9628314959447954,True,True,0.06307488354530841,26.724426298651036,STOP,0.08423530728019744
LONG,1710999360000,1711007160000,187.06799999999998,189.25129078920315,11.328666602099094,27.825495127106088,0.9818953872360779,True,True,0.06431894332103372,26.779280796548974,STOP,0.085681669581116
LONG,1711724040000,1711725360000,189.2565,187.63029872089717,15.250708486707499,-24.8007216483079,2.294156135582661,False,False,0.57229899781325,-27.66717678170381,STOP,0.11637950506619565
LONG,1713505920000,1713509220000,138.737,144.1819030104528,13.626443111406457,35.24246403155398,0.7632452279851899,True,True,0.0,34.47921880356879,TP3,0.07644048006015582
LONG,1714702680000,1714715460000,140.67000000000002,139.0244232076407,15.081491103056013,-24.817751753362558,1.6823200317214941,False,False,0.41933912034270543,-26.91941090542676,STOP,0.08548370434801557
LONG,1715789760000,1715798100000,152.3755,153.82191013279834,17.11164258661176,27.844259879361367,1.206455622849318,True,True,0.07896436644547078,26.558839890066576,STOP,0.1053473676274663
LONG,1716250800000,1716253080000,187.178,185.42430423190666,14.151171929214199,-24.816850325824163,2.10414033729767,False,False,0.5247942418081262,-27.445784904929962,STOP,0.10673345024006343
LONG,1716841860000,1716860700000,170.546,170.546,16.619093123913704,14.848941518137103,1.5901889076137796,True,False,0.2267455884728789,13.032007022050445,STOP,0.11452613719768645
LONG,1718219460000,1718220300000,157.0995,155.64793574803963,17.071800884907294,-24.780815881116965,2.1307086169661247,False,False,0.5314381134474753,-27.442962611530564,STOP,0.10822772728649994
LONG,1719281400000,1719286680000,132.5105,135.8253186663231,22.365212968345844,35.214897076288096,1.1924932006320546,True,True,0.0,34.02240387565604,TP3,0.11992556456819813
LONG,1719368340000,1719369900000,139.7815,138.53231001626534,19.850675083178224,-24.797264484277274,2.2049273526208553,False,False,0.5499919749309999,-27.55218381182913,STOP,0.11189771117288416
LONG,1720300200000,1720311720000,143.605,142.08150537882764,16.231356304834815,-24.7283840247477,1.849886107309794,False,False,0.46123510762621117,-27.039505239683706,STOP,0.09426026059054561
LONG,1721956320000,1721983620000,173.6027,177.95132757097983,17.012805667392627,35.1416189978491,1.1884159231734346,True,True,0.0,33.95320307467566,TP3,0.11976378558503505
LONG,1723186020000,1723195800000,157.58005,157.58005,16.418912735563826,14.847400961601108,1.4518536104891595,True,False,0.2069834471852628,13.188563903926687,STOP,0.10455539376246938
LONG,1723640700000,1723642800000,149.9905,148.5865045452964,17.64866089564815,-24.778639679094997,2.1028379938475137,False,False,0.5244705664779237,-27.405948239420432,STOP,0.10683118631011934
LONG,1725626460000,1725631560000,132.39600000000002,129.5961406911412,8.82548802731372,-24.710124808496452,0.919941375406284,False,False,0.22874983761114617,-25.858816021513885,STOP,0.047286661719428406
LONG,1729005540000,1729012200000,152.264,153.96794669221515,14.463761032572798,27.726162489497998,1.020086611701292,True,True,0.06680866762896319,26.639267210167745,STOP,0.0893596030296323
LONG,1730857020000,1730860200000,172.945,177.35610516565873,16.806724171205065,35.21470820946702,1.1696985063575172,True,True,0.0,34.0450097031095,TP3,0.11762018372158191
LONG,1730861700000,1730862660000,179.3081,181.16389611505898,13.362021969712863,27.89683701831659,1.1091898336231436,True,True,0.07262147880024587,26.715025705893197,STOP,0.09662058161723298
LONG,1730882940000,1730904600000,182.815,185.33911454171886,9.85057358294796,27.971973028114412,0.8354692335677728,True,True,0.05477089756774867,27.08173289697889,STOP,0.07242737878111805
LONG,1731410880000,1731412380000,215.13,212.2796253848994,8.746808305529715,-24.93168035723304,1.4904016884005462,False,False,0.3713538380822749,-26.793435883715862,STOP,0.0754742898916839
LONG,1731961800000,1731987600000,238.91500000000002,241.8457877616251,8.483963626808855,27.97278386346422,0.9394816767323017,True,True,0.06155432599999685,26.97174786073192,STOP,0.0815190383719648
LONG,1733346060000,1733349000000,232.51999999999998,230.23905627644297,10.930618708249057,-24.932126137175583,2.018310693951351,False,False,0.503331067180979,-27.453767898307916,STOP,0.1019402616551174
LONG,1733414400000,1733416260000,239.24,239.24,8.373842650478165,14.918095030457886,1.1248641637983134,True,False,0.1602686492560317,13.63296221740354,STOP,0.08057428692913642
LONG,1733440740000,1733450340000,238.51,244.02528854830743,4.514283143103007,28.00977088834497,0.5023785779573365,True,True,0.03304797739753414,27.4743443329901,STOP,0.04324524418095862
LONG,1734454020000,1734455700000,226.04500000000002,226.04500000000002,11.565247904506672,14.97975599028348,1.4669851702396146,True,False,0.20914131700593686,13.303629503037929,STOP,0.10471197785611214
LONG,1734460860000,1734469260000,228.12,225.91525644224032,11.33896909215431,-24.99951905756339,2.054316792007255,False,False,0.5123292220489355,-27.566165071619583,STOP,0.10346781565462451
LONG,1737026460000,1737028800000,203.41500000000002,213.9599483237704,7.092667373822752,35.526110193960186,0.5842071955772541,True,True,0.0,34.94190299838293,TP3,0.05787083836384374
LONG,1737039240000,1737064980000,208.33499999999998,210.72735095665124,10.457478378255887,28.145203202677802,1.0093131467942908,True,True,0.06611030149008963,27.069779754393423,STOP,0.08708379488418425
LONG,1737178020000,1737179640000,228.3,228.3,9.932184800352637,15.051379711059768,1.2728202382976959,True,False,0.18140142319364055,13.597158049568431,STOP,0.09039109371166817
LONG,1737221340000,1737222180000,251.20499999999998,251.20499999999998,10.21579222749642,15.071775448134119,1.4401188835342404,True,False,0.20530064692065905,13.42635591767922,STOP,0.10216147773722066
LONG,1737290220000,1737290760000,282.345,278.2152729350158,6.090763685076684,-25.1531916366844,1.3606654231483706,False,False,0.33890869620525843,-26.852765756038032,STOP,0.0683689250057199
LONG,1737297000000,1737297660000,273.88,268.36185190227116,4.546101206058465,-25.0860597222943,0.9810173228188572,False,False,0.2440000277185996,-26.311077072831758,STOP,0.049632593244955406
LONG,1737307560000,1737309960000,267.525,270.89411451035414,7.426367359351659,28.14781728331375,0.9210306871712934,True,True,0.0603527762952049,27.166433819847253,STOP,0.07940513721864485
LONG,1737325200000,1737326580000,255.335,243.9871387212285,2.2108305254924483,-25.08819811416184,0.43654901091279436,False,False,0.1078828428224905,-25.632629967897127,STOP,0.02250071566151906
LONG,1737373080000,1737375120000,259.54499999999996,257.27299178901126,11.01409599587338,-25.0241165392421,2.2719083662756194,False,False,0.5667258857419428,-27.86275079125966,STOP,0.11423594278607588
LONG,1737377400000,1737385260000,253.925,253.925,6.2389877633231325,14.972675797358479,0.8901661171284945,True,False,0.12673879742414612,13.955770882805838,STOP,0.06348504392573569
LONG,1737575100000,1737584280000,261.895,261.895,3.6963514519776055,14.99360945368258,0.5451100614595146,True,False,0.07744447708125399,14.371054915141812,STOP,0.03873874265590841
LONG,1738627920000,1738630620000,217.075,215.14466781303275,12.96423325255551,-25.025276726758822,2.2363535806027346,False,False,0.5578371313143458,-27.819467438675904,STOP,0.11245473782471027
LONG,1739544300000,1739545740000,198.52,200.434482088726,13.03523715636795,28.075194065432395,1.1974798114263723,True,True,0.07838133025020982,26.799332923755813,STOP,0.10369384031798677
LONG,1740934380000,1740934920000,173.7,170.1540988422226,7.056803130450488,-25.022726390471522,0.9655997271731168,False,False,0.24014879547375564,-26.228474913118394,STOP,0.04898613702725907
LONG,1740961560000,1740962100000,176.95499999999998,175.001745282724,12.777214862173178,-24.957155203188726,1.7938193516267702,False,False,0.44720698014653315,-27.19818153496203,STOP,0.09059494311462916
LONG,1740987300000,1740990360000,162.01,160.2912181146128,14.4806970337278,-24.88915974935132,1.8618806852977818,False,False,0.4642257133369779,-27.215266147986082,STOP,0.09425861499785602
LONG,1740994260000,1741004220000,159.54000000000002,162.3726927258428,8.76237699823112,27.923761781979024,0.6501308477484196,True,True,0.042683122436453266,27.230947811794152,STOP,0.056320969282869913
LONG,1741006980000,1741009860000,163.95,165.3304626058446,18.029607501235468,28.000348822699635,1.366832330622426,True,True,0.08942530046343199,26.544091191613777,STOP,0.11876453538536207
LONG,1741016760000,1741017480000,158.765,157.3805407158244,18.02549158847257,-24.95555918148987,2.274480402126184,False,False,0.5673723225724714,-27.797411906188525,STOP,0.1146765396531978
LONG,1741965060000,1741993500000,131.91500000000002,134.17085517802803,11.031765644405812,27.996823858189956,0.6765099966023663,True,True,0.044404242919005535,27.275909618668585,STOP,0.05847671485512439
LONG,1742911080000,1742914680000,144.625,145.84436818295165,20.46490614948287,28.073537353992464,1.3685910066560665,True,True,0.08954073921884197,26.615405608117555,STOP,0.1186065062399074
LONG,1744256760000,1744270200000,115.43,115.43,24.96449781567972,15.012476363874825,1.6167276056765645,True,False,0.2305321586291128,13.165216599569147,STOP,0.11517028555521282
LONG,1744293000000,1744295940000,112.875,113.93089234126055,23.727520318388407,28.18542035395158,1.2391324802211898,True,True,0.0810989268875815,26.86518894684281,STOP,0.10690010296433024
LONG,1744380660000,1744381380000,120.625,119.0576024609762,16.027120962116,-25.120869953657397,1.5315446508719996,False,False,0.3816301192203171,-27.034044723749716,STOP,0.07695877848266054
LONG,1744465860000,1744477620000,127.755,129.153962257638,17.908478020091852,28.184945447079183,1.0595730865300708,True,True,0.06938852682896052,27.055983833720152,STOP,0.09132126281641201
LONG,1744871880000,1744888320000,134.16995,132.51866672600988,15.2129711462109,-25.12092480143232,1.6178263075499881,False,False,0.4032005306474254,-27.14195163962973,STOP,0.08125192819024643
LONG,1745108580000,1745132820000,140.91,139.3356883340284,15.913665930228259,-25.053069922333247,1.7788838910293712,False,False,0.4434683192612261,-27.27542213262384,STOP,0.08950578404882466
LONG,1745418480000,1745421480000,150.84500000000003,149.0750777604104,14.116372351360921,-24.98488136700169,1.6885164210526298,False,False,0.4208798611948074,-27.09427764924913,STOP,0.08522690806742761
LONG,1747178580000,1747182660000,184.34,182.26402491853932,12.002622717102431,-24.91714567287857,1.7551004899328024,False,False,0.4375292651995567,-27.109775428010927,STOP,0.08879682692062757
LONG,1747592640000,1747596660000,170.20499999999998,168.75700970274366,17.16128297364528,-24.849371234308546,2.321839312082851,False,False,0.5792173594589972,-27.750427905850394,STOP,0.1175456771516405
LONG,1747840200000,1747841880000,172.985,171.3388931958917,15.053698279296702,-24.779995164543916,2.068383200376586,False,False,0.5158568003359193,-27.36423516525642,STOP,0.10508734886962874
LONG,1749513120000,1749521220000,161.0501,159.5491054698815,16.463474103853166,-24.711584576630777,2.106328369872392,False,False,0.5253465132392664,-27.343259459742438,STOP,0.10729559419999223
LONG,1750084080000,1750104420000,156.83005,156.83005,18.706603035377846,14.785935856788853,1.6458613812176948,True,False,0.23470059914947675,12.905373876421681,STOP,0.11904924454361593
LONG,1752801540000,1752804360000,180.65505,179.06809597168325,15.548963248069278,-24.675489862672475,2.232393692504891,False,False,0.556864648633089,-27.46474820381045,STOP,0.11383760762850724
LONG,1752846120000,1752848280000,181.2701,179.1251383326533,11.471919692905898,-24.60682799216295,1.6488487271447194,False,False,0.4109818403865717,-26.66665855969424,STOP,0.08450971537604637
LONG,1752856440000,1752869220000,177.8401,176.1143420400531,14.219932293702724,-24.540161345763714,2.008375248076799,False,False,0.5008668039519116,-27.049403397792425,STOP,0.10305043008781493
LONG,1753191840000,1753192320000,201.53005000000002,199.22596809135683,10.621383617251913,-24.472537837269233,1.6977388544608056,False,False,0.4232110867233379,-26.593487778453376,STOP,0.08746653026700603
LONG,1753193880000,1753199760000,199.36005,201.87703745532997,9.696533872721886,27.456810882550986,0.896182405162143,True,True,0.05872522595431057,26.50190325143453,STOP,0.07920581788273738
LONG,1755093240000,1755094200000,203.01,200.53901586187033,9.903871294971257,-24.472308875951686,1.5937845439481206,False,False,0.39722252054323265,-26.46331594044304,STOP,0.08215754883544582
LONG,1756865100000,1756953120000,210.89999999999998,207.47467813801762,7.125213795814178,-24.406150586100576,1.1875223812781075,False,False,0.29566028779022185,-25.889333255168907,STOP,0.06157085625756195
LONG,1757427360000,1757428260000,217.05505,215.21718207217415,13.24438327935678,-24.341427252962653,2.2852033635841824,False,False,0.5700837695333975,-27.19671438608023,STOP,0.11810154947138755
LONG,1757471580000,1757493300000,219.0201,220.86806392148327,13.135232341286478,27.30761490037213,1.3302826835275217,True,True,0.08703460009136389,25.890297616753244,STOP,0.11851968399047802
LONG,1760287860000,1760291400000,193.2201,193.2201,10.52811497852689,14.602896726623603,1.1420968995643044,True,False,0.1627394743169971,13.298060352742302,STOP,0.08358246176953453
LONG,1760401560000,1760403960000,209.79005,207.91825830474193,13.020362481392926,-24.371406361921196,2.1706111529744843,False,False,0.541434217925525,-27.083451732821203,STOP,0.11207980595889663
LONG,1760477580000,1760487060000,199.96005,201.73694766143936,13.677601282283247,27.341659949162782,1.2650145185450818,True,True,0.0827783260205403,25.993867104597157,STOP,0.1125332394427396
LONG,1760507220000,1760509380000,204.44004999999999,202.69523710467564,13.966358493596948,-24.368682400350636,2.269605213558897,False,False,0.5661828692697067,-27.20447048317924,STOP,0.11717018515156981
LONG,1761309180000,1761313140000,193.94004999999999,192.30090039761336,14.82516982510967,-24.30067122414269,2.2855749389777227,False,False,0.5701787011832236,-27.156424864303638,STOP,0.11831747981857217
LONG,1764690840000,1764721200000,137.86,137.86,9.007709895382689,14.539668097189159,0.6983175498788141,True,False,0.0993442308941966,13.742006316416148,STOP,0.051244755157135634
LONG,1764773280000,1764778320000,141.825,139.89881586054474,12.59855414687201,-24.267135177772968,1.4148716723974344,False,False,0.3525045613404699,-26.034511411510874,STOP,0.0736300320903433
LONG,1765298400000,1765312440000,142.64,139.87008525133965,8.737470678817614,-24.20204889924419,0.982529024761689,False,False,0.24442215374546006,-25.42900007775134,STOP,0.05149616971749304
LONG,1765398000000,1765400040000,141.195,137.6610789839111,6.830508177504384,-24.13847639904981,0.7570637958587552,False,False,0.18805902514473632,-25.0835992200533,STOP,0.03995420366136677
LONG,1767624480000,1767625620000,134.24,134.24,20.960058039820435,14.445460440599808,1.5785488791967972,True,False,0.22509425530123958,12.641817306101771,STOP,0.11686764307037897
LONG,1768235580000,1768239060000,143.515,142.0217082016068,16.143778443171627,-24.107371944264926,1.8390350674508615,False,False,0.4585533982655021,-26.40496040998129,STOP,0.0961064677073999
LONG,1768403700000,1768412160000,147.185,145.95306281117007,19.51508547775391,-24.041359543239974,2.283437469108623,False,False,0.5696572992999939,-26.89445431164859,STOP,0.11947443533204262
LONG,1770398160000,1770399300000,86.85,87.70127057315398,28.16275361033099,26.970888833393456,1.1319627946574597,True,True,0.07409727823394117,25.764828760502052,STOP,0.10202396598559514
LONG,1770994380000,1770997620000,81.67,83.00035378329665,18.069280353226134,27.043352414282342,0.6856813207776883,True,True,0.044992699857820215,26.312678393646834,STOP,0.06138968522915766
LONG,1771547160000,1771585260000,83.10499999999999,83.94380573820438,28.73647148259364,27.117356822264558,1.105416183173008,True,True,0.07236746339208872,25.93957317569946,STOP,0.09907538326800339
LONG,1772131320000,1772138220000,85.285,86.05595958690287,31.349459191990384,27.190311871821162,1.2367619808477552,True,True,0.08093423379891558,25.87261565717449,STOP,0.11062188141742897
LONG,1772603340000,1772613960000,85.69,88.52825730104723,25.614852788526413,34.53323289758549,0.8848813407590483,True,True,0.0,33.64835155682644,TP3,0.09057318372973037
LONG,1773026400000,1773040620000,83.99000000000001,82.54888407982013,16.87440141753834,-24.317968526320477,1.119233998931444,False,False,0.27859260130654495,-25.71579512655847,STOP,0.05828122417072198
LONG,1773324540000,1773325860000,87.09,86.2919049698344,30.389462559955607,-24.25367903850408,2.1027424280541247,False,False,0.524472923061606,-26.88089438961981,STOP,0.10912234346570178
LONG,1779569160000,1779632160000,86.305,84.70112336973733,15.080010735344953,-24.186476802530034,1.026672375129639,False,False,0.2554587699422833,-25.468607947601956,STOP,0.05381024847644633
LONG,1780980120000,1781011140000,67.08,65.81433127226444,19.05933579145925,-24.122805282661027,1.0083265127432726,False,False,0.25087548792168507,-25.382007283325986,STOP,0.052999650327155194
LONG,1782869040000,1782887820000,73.14,74.0801081312556,25.592109529272225,27.06676904750935,0.8678880846720154,True,True,0.05687598723706271,26.142004975600273,STOP,0.0777995611018862
